

INSERT INTO `fyp`.`informatics_programmes` (`id`, `name`) VALUES ('1', 'Comp Sci');
INSERT INTO `fyp`.`informatics_programmes` (`id`, `name`) VALUES ('2', 'GAME');
INSERT INTO `fyp`.`informatics_programmes` (`id`, `name`) VALUES ('3', 'Comp Sci AI');
INSERT INTO `fyp`.`informatics_programmes` (`id`, `name`) VALUES ('4', 'Comp Sci GAP');



-- Insert UG Inf students
INSERT INTO `informatics_users` (`id`, `privileges`, `first_name`, `last_name`, `username`, `email`, `programme`, `active_year`) VALUES ('stu-inf-ug-1',  'student', 'Student (INF UG 1)',   'ONE',         'stu.inf.ug.1',  'stu.inf.ug.1@test.com',  1, '2020');
INSERT INTO `informatics_users` (`id`, `privileges`, `first_name`, `last_name`, `username`, `email`, `programme`, `active_year`) VALUES ('stu-inf-ug-2',  'student', 'Student (INF UG 2)',   'TWO',         'stu.inf.ug.2',  'stu.inf.ug.2@test.com',  1, '2020');
INSERT INTO `informatics_users` (`id`, `privileges`, `first_name`, `last_name`, `username`, `email`, `programme`, `active_year`) VALUES ('stu-inf-ug-3',  'student', 'Student (INF UG 3)',   'THREE',       'stu.inf.ug.3',  'stu.inf.ug.3@test.com',  1, '2020');
INSERT INTO `informatics_users` (`id`, `privileges`, `first_name`, `last_name`, `username`, `email`, `programme`, `active_year`) VALUES ('stu-inf-ug-4',  'student', 'Student (INF UG 4)',   'FOUR',        'stu.inf.ug.4',  'stu.inf.ug.4@test.com',  1, '2020');
INSERT INTO `informatics_users` (`id`, `privileges`, `first_name`, `last_name`, `username`, `email`, `programme`, `active_year`) VALUES ('stu-inf-ug-5',  'student', 'Student (INF UG 5)',   'FIVE',        'stu.inf.ug.5',  'stu.inf.ug.5@test.com',  1, '2020');
INSERT INTO `informatics_users` (`id`, `privileges`, `first_name`, `last_name`, `username`, `email`, `programme`, `active_year`) VALUES ('stu-inf-ug-6',  'student', 'Student (INF UG 6)',   'SIX',         'stu.inf.ug.6',  'stu.inf.ug.6@test.com',  1, '2020');
INSERT INTO `informatics_users` (`id`, `privileges`, `first_name`, `last_name`, `username`, `email`, `programme`, `active_year`) VALUES ('stu-inf-ug-7',  'student', 'Student (INF UG 7)',   'SEVEN',       'stu.inf.ug.7',  'stu.inf.ug.7@test.com',  1, '2020');
INSERT INTO `informatics_users` (`id`, `privileges`, `first_name`, `last_name`, `username`, `email`, `programme`, `active_year`) VALUES ('stu-inf-ug-8',  'student', 'Student (INF UG 8)',   'EIGHT',       'stu.inf.ug.8',  'stu.inf.ug.8@test.com',  1, '2020');
INSERT INTO `informatics_users` (`id`, `privileges`, `first_name`, `last_name`, `username`, `email`, `programme`, `active_year`) VALUES ('stu-inf-ug-9',  'student', 'Student (INF UG 9)',   'NINE',        'stu.inf.ug.9',  'stu.inf.ug.9@test.com',  1, '2020');
INSERT INTO `informatics_users` (`id`, `privileges`, `first_name`, `last_name`, `username`, `email`, `programme`, `active_year`) VALUES ('stu-inf-ug-10', 'student', 'Student (INF UG 10)',  'TEN',         'stu.inf.ug.10', 'stu.inf.ug.10@test.com', 2, '2020');
INSERT INTO `informatics_users` (`id`, `privileges`, `first_name`, `last_name`, `username`, `email`, `programme`, `active_year`) VALUES ('stu-inf-ug-11', 'student', 'Student (INF UG 11)',  'ONE-ONE',     'stu.inf.ug.11', 'stu.inf.ug.11@test.com', 2, '2020');
INSERT INTO `informatics_users` (`id`, `privileges`, `first_name`, `last_name`, `username`, `email`, `programme`, `active_year`) VALUES ('stu-inf-ug-12', 'student', 'Student (INF UG 12)',  'ONE-TWO',     'stu.inf.ug.12', 'stu.inf.ug.12@test.com', 2, '2020');
INSERT INTO `informatics_users` (`id`, `privileges`, `first_name`, `last_name`, `username`, `email`, `programme`, `active_year`) VALUES ('stu-inf-ug-13', 'student', 'Student (INF UG 13)',  'ONE-THREE',   'stu.inf.ug.13', 'stu.inf.ug.13@test.com', 2, '2020');
INSERT INTO `informatics_users` (`id`, `privileges`, `first_name`, `last_name`, `username`, `email`, `programme`, `active_year`) VALUES ('stu-inf-ug-14', 'student', 'Student (INF UG 14)',  'ONE-FOUR',    'stu.inf.ug.14', 'stu.inf.ug.14@test.com', 2, '2020');
INSERT INTO `informatics_users` (`id`, `privileges`, `first_name`, `last_name`, `username`, `email`, `programme`, `active_year`) VALUES ('stu-inf-ug-15', 'student', 'Student (INF UG 15)',  'ONE-FIVE',    'stu.inf.ug.15', 'stu.inf.ug.15@test.com', 2, '2020');
INSERT INTO `informatics_users` (`id`, `privileges`, `first_name`, `last_name`, `username`, `email`, `programme`, `active_year`) VALUES ('stu-inf-ug-16', 'student', 'Student (INF UG 16)',  'ONE-SIX',     'stu.inf.ug.16', 'stu.inf.ug.16@test.com', 2, '2020');
INSERT INTO `informatics_users` (`id`, `privileges`, `first_name`, `last_name`, `username`, `email`, `programme`, `active_year`) VALUES ('stu-inf-ug-17', 'student', 'Student (INF UG 17)',  'ONE-SEVEN',   'stu.inf.ug.17', 'stu.inf.ug.17@test.com', 2, '2020');
INSERT INTO `informatics_users` (`id`, `privileges`, `first_name`, `last_name`, `username`, `email`, `programme`, `active_year`) VALUES ('stu-inf-ug-18', 'student', 'Student (INF UG 18)',  'ONE-EIGHT',   'stu.inf.ug.18', 'stu.inf.ug.18@test.com', 2, '2020');
INSERT INTO `informatics_users` (`id`, `privileges`, `first_name`, `last_name`, `username`, `email`, `programme`, `active_year`) VALUES ('stu-inf-ug-19', 'student', 'Student (INF UG 19)',  'ONE-NINE',    'stu.inf.ug.19', 'stu.inf.ug.19@test.com', 2, '2020');
INSERT INTO `informatics_users` (`id`, `privileges`, `first_name`, `last_name`, `username`, `email`, `programme`, `active_year`) VALUES ('stu-inf-ug-20', 'student', 'Student (INF UG 20)',  'TWO-ZERO',    'stu.inf.ug.20', 'stu.inf.ug.20@test.com', 3, '2020');
INSERT INTO `informatics_users` (`id`, `privileges`, `first_name`, `last_name`, `username`, `email`, `programme`, `active_year`) VALUES ('stu-inf-ug-21', 'student', 'Student (INF UG 21)',  'TWO-ONE',     'stu.inf.ug.21', 'stu.inf.ug.21@test.com', 3, '2020');
INSERT INTO `informatics_users` (`id`, `privileges`, `first_name`, `last_name`, `username`, `email`, `programme`, `active_year`) VALUES ('stu-inf-ug-22', 'student', 'Student (INF UG 22)',  'TWO-TWO',     'stu.inf.ug.22', 'stu.inf.ug.22@test.com', 3, '2020');
INSERT INTO `informatics_users` (`id`, `privileges`, `first_name`, `last_name`, `username`, `email`, `programme`, `active_year`) VALUES ('stu-inf-ug-23', 'student', 'Student (INF UG 23)',  'TWO-THREE',   'stu.inf.ug.23', 'stu.inf.ug.23@test.com', 3, '2020');
INSERT INTO `informatics_users` (`id`, `privileges`, `first_name`, `last_name`, `username`, `email`, `programme`, `active_year`) VALUES ('stu-inf-ug-24', 'student', 'Student (INF UG 24)',  'TWO-FOUR',    'stu.inf.ug.24', 'stu.inf.ug.24@test.com', 3, '2020');
INSERT INTO `informatics_users` (`id`, `privileges`, `first_name`, `last_name`, `username`, `email`, `programme`, `active_year`) VALUES ('stu-inf-ug-25', 'student', 'Student (INF UG 25)',  'TWO-FIVE',    'stu.inf.ug.25', 'stu.inf.ug.25@test.com', 3, '2020');
INSERT INTO `informatics_users` (`id`, `privileges`, `first_name`, `last_name`, `username`, `email`, `programme`, `active_year`) VALUES ('stu-inf-ug-26', 'student', 'Student (INF UG 26)',  'TWO-SIX',     'stu.inf.ug.26', 'stu.inf.ug.26@test.com', 3, '2020');
INSERT INTO `informatics_users` (`id`, `privileges`, `first_name`, `last_name`, `username`, `email`, `programme`, `active_year`) VALUES ('stu-inf-ug-27', 'student', 'Student (INF UG 27)',  'TWO-SEVEN',   'stu.inf.ug.27', 'stu.inf.ug.27@test.com', 3, '2020');
INSERT INTO `informatics_users` (`id`, `privileges`, `first_name`, `last_name`, `username`, `email`, `programme`, `active_year`) VALUES ('stu-inf-ug-28', 'student', 'Student (INF UG 28)',  'TWO-EIGHT',   'stu.inf.ug.28', 'stu.inf.ug.28@test.com', 3, '2020');
INSERT INTO `informatics_users` (`id`, `privileges`, `first_name`, `last_name`, `username`, `email`, `programme`, `active_year`) VALUES ('stu-inf-ug-29', 'student', 'Student (INF UG 29)',  'TWO-NINE',    'stu.inf.ug.29', 'stu.inf.ug.29@test.com', 3, '2020');
INSERT INTO `informatics_users` (`id`, `privileges`, `first_name`, `last_name`, `username`, `email`, `programme`, `active_year`) VALUES ('stu-inf-ug-30', 'student', 'Student (INF UG 30)',  'TWO-TEN',     'stu.inf.ug.30', 'stu.inf.ug.30@test.com', 4, '2020');
INSERT INTO `informatics_users` (`id`, `privileges`, `first_name`, `last_name`, `username`, `email`, `programme`, `active_year`) VALUES ('stu-inf-ug-31', 'student', 'Student (INF UG 31)',  'THREE-ONE',   'stu.inf.ug.31', 'stu.inf.ug.31@test.com', 4, '2020');
INSERT INTO `informatics_users` (`id`, `privileges`, `first_name`, `last_name`, `username`, `email`, `programme`, `active_year`) VALUES ('stu-inf-ug-32', 'student', 'Student (INF UG 32)',  'THREE-TWO',   'stu.inf.ug.32', 'stu.inf.ug.32@test.com', 4, '2020');
INSERT INTO `informatics_users` (`id`, `privileges`, `first_name`, `last_name`, `username`, `email`, `programme`, `active_year`) VALUES ('stu-inf-ug-33', 'student', 'Student (INF UG 33)',  'THREE-THREE', 'stu.inf.ug.33', 'stu.inf.ug.33@test.com', 4, '2020');
INSERT INTO `informatics_users` (`id`, `privileges`, `first_name`, `last_name`, `username`, `email`, `programme`, `active_year`) VALUES ('stu-inf-ug-34', 'student', 'Student (INF UG 34)',  'THREE-FOUR',  'stu.inf.ug.34', 'stu.inf.ug.34@test.com', 4,'2020');
INSERT INTO `informatics_users` (`id`, `privileges`, `first_name`, `last_name`, `username`, `email`, `programme`, `active_year`) VALUES ('stu-inf-ug-35', 'student', 'Student (INF UG 35)',  'THREE-FIVE',  'stu.inf.ug.35', 'stu.inf.ug.35@test.com', 4,'2020');
INSERT INTO `informatics_users` (`id`, `privileges`, `first_name`, `last_name`, `username`, `email`, `programme`, `active_year`) VALUES ('stu-inf-ug-36', 'student', 'Student (INF UG 36)',  'THREE-SIX',   'stu.inf.ug.36', 'stu.inf.ug.36@test.com', 4,'2020');
INSERT INTO `informatics_users` (`id`, `privileges`, `first_name`, `last_name`, `username`, `email`, `programme`, `active_year`) VALUES ('stu-inf-ug-37', 'student', 'Student (INF UG 37)',  'THREE-SEVEN', 'stu.inf.ug.37', 'stu.inf.ug.37@test.com', 4,'2020');
INSERT INTO `informatics_users` (`id`, `privileges`, `first_name`, `last_name`, `username`, `email`, `programme`, `active_year`) VALUES ('stu-inf-ug-38', 'student', 'Student (INF UG 38)',  'THREE-EIGHT', 'stu.inf.ug.38', 'stu.inf.ug.38@test.com', 4,'2020');
INSERT INTO `informatics_users` (`id`, `privileges`, `first_name`, `last_name`, `username`, `email`, `programme`, `active_year`) VALUES ('stu-inf-ug-39', 'student', 'Student (INF UG 39)',  'THREE-NINE',  'stu.inf.ug.39', 'stu.inf.ug.39@test.com', 4,'2020');
INSERT INTO `informatics_users` (`id`, `privileges`, `first_name`, `last_name`, `username`, `email`, `programme`, `active_year`) VALUES ('stu-inf-ug-40', 'student', 'Student (INF UG 40)',  'FOUR-ZERO',   'stu.inf.ug.40', 'stu.inf.ug.40@test.com', 4,'2020');

INSERT INTO `informatics_students_ug` (`id`, `registration_number`, `share_name`) VALUES ('stu-inf-ug-1',  '00000001', 1);
INSERT INTO `informatics_students_ug` (`id`, `registration_number`, `share_name`) VALUES ('stu-inf-ug-2',  '00000002', 0);
INSERT INTO `informatics_students_ug` (`id`, `registration_number`, `share_name`) VALUES ('stu-inf-ug-3',  '00000003', 1);
INSERT INTO `informatics_students_ug` (`id`, `registration_number`, `share_name`) VALUES ('stu-inf-ug-4',  '00000004', 0);
INSERT INTO `informatics_students_ug` (`id`, `registration_number`, `share_name`) VALUES ('stu-inf-ug-5',  '00000005', 1);
INSERT INTO `informatics_students_ug` (`id`, `registration_number`, `share_name`) VALUES ('stu-inf-ug-6',  '00000006', 0);
INSERT INTO `informatics_students_ug` (`id`, `registration_number`, `share_name`) VALUES ('stu-inf-ug-7',  '00000007', 1);
INSERT INTO `informatics_students_ug` (`id`, `registration_number`, `share_name`) VALUES ('stu-inf-ug-8',  '00000008', 0);
INSERT INTO `informatics_students_ug` (`id`, `registration_number`, `share_name`) VALUES ('stu-inf-ug-9',  '00000009', 1);
INSERT INTO `informatics_students_ug` (`id`, `registration_number`, `share_name`) VALUES ('stu-inf-ug-10', '00000010', 0);
INSERT INTO `informatics_students_ug` (`id`, `registration_number`, `share_name`) VALUES ('stu-inf-ug-11', '00000011', 1);
INSERT INTO `informatics_students_ug` (`id`, `registration_number`, `share_name`) VALUES ('stu-inf-ug-12', '00000012', 0);
INSERT INTO `informatics_students_ug` (`id`, `registration_number`, `share_name`) VALUES ('stu-inf-ug-13', '00000013', 1);
INSERT INTO `informatics_students_ug` (`id`, `registration_number`, `share_name`) VALUES ('stu-inf-ug-14', '00000014', 0);
INSERT INTO `informatics_students_ug` (`id`, `registration_number`, `share_name`) VALUES ('stu-inf-ug-15', '00000015', 1);
INSERT INTO `informatics_students_ug` (`id`, `registration_number`, `share_name`) VALUES ('stu-inf-ug-16', '00000016', 0);
INSERT INTO `informatics_students_ug` (`id`, `registration_number`, `share_name`) VALUES ('stu-inf-ug-17', '00000017', 1);
INSERT INTO `informatics_students_ug` (`id`, `registration_number`, `share_name`) VALUES ('stu-inf-ug-18', '00000018', 0);
INSERT INTO `informatics_students_ug` (`id`, `registration_number`, `share_name`) VALUES ('stu-inf-ug-19', '00000019', 1);
INSERT INTO `informatics_students_ug` (`id`, `registration_number`, `share_name`) VALUES ('stu-inf-ug-20', '00000020', 0);
INSERT INTO `informatics_students_ug` (`id`, `registration_number`, `share_name`) VALUES ('stu-inf-ug-21', '00000021', 1);
INSERT INTO `informatics_students_ug` (`id`, `registration_number`, `share_name`) VALUES ('stu-inf-ug-22', '00000022', 0);
INSERT INTO `informatics_students_ug` (`id`, `registration_number`, `share_name`) VALUES ('stu-inf-ug-23', '00000023', 1);
INSERT INTO `informatics_students_ug` (`id`, `registration_number`, `share_name`) VALUES ('stu-inf-ug-24', '00000024', 0);
INSERT INTO `informatics_students_ug` (`id`, `registration_number`, `share_name`) VALUES ('stu-inf-ug-25', '00000025', 1);
INSERT INTO `informatics_students_ug` (`id`, `registration_number`, `share_name`) VALUES ('stu-inf-ug-26', '00000026', 0);
INSERT INTO `informatics_students_ug` (`id`, `registration_number`, `share_name`) VALUES ('stu-inf-ug-27', '00000027', 1);
INSERT INTO `informatics_students_ug` (`id`, `registration_number`, `share_name`) VALUES ('stu-inf-ug-28', '00000028', 0);
INSERT INTO `informatics_students_ug` (`id`, `registration_number`, `share_name`) VALUES ('stu-inf-ug-29', '00000029', 1);
INSERT INTO `informatics_students_ug` (`id`, `registration_number`, `share_name`) VALUES ('stu-inf-ug-30', '00000030', 0);
INSERT INTO `informatics_students_ug` (`id`, `registration_number`, `share_name`) VALUES ('stu-inf-ug-31', '00000031', 1);
INSERT INTO `informatics_students_ug` (`id`, `registration_number`, `share_name`) VALUES ('stu-inf-ug-32', '00000032', 0);
INSERT INTO `informatics_students_ug` (`id`, `registration_number`, `share_name`) VALUES ('stu-inf-ug-33', '00000033', 1);
INSERT INTO `informatics_students_ug` (`id`, `registration_number`, `share_name`) VALUES ('stu-inf-ug-34', '00000034', 0);
INSERT INTO `informatics_students_ug` (`id`, `registration_number`, `share_name`) VALUES ('stu-inf-ug-35', '00000035', 1);
INSERT INTO `informatics_students_ug` (`id`, `registration_number`, `share_name`) VALUES ('stu-inf-ug-36', '00000036', 0);
INSERT INTO `informatics_students_ug` (`id`, `registration_number`, `share_name`) VALUES ('stu-inf-ug-37', '00000037', 1);
INSERT INTO `informatics_students_ug` (`id`, `registration_number`, `share_name`) VALUES ('stu-inf-ug-38', '00000038', 0);
INSERT INTO `informatics_students_ug` (`id`, `registration_number`, `share_name`) VALUES ('stu-inf-ug-39', '00000039', 1);
INSERT INTO `informatics_students_ug` (`id`, `registration_number`, `share_name`) VALUES ('stu-inf-ug-40', '00000040', 0);

-- Insert 10 PG Inf students
INSERT INTO `informatics_users` (`id`, `privileges`, `first_name`, `last_name`, `username`, `email`, `active_year`) VALUES ('stu-inf-pg-1',  'student', 'Student (INF PG 1)',  'ONE',       'stu.inf.pg.1',  'stu.inf.pg.1@test.com',  '2020');
INSERT INTO `informatics_users` (`id`, `privileges`, `first_name`, `last_name`, `username`, `email`, `active_year`) VALUES ('stu-inf-pg-2',  'student', 'Student (INF PG 2)',  'TWO',       'stu.inf.pg.2',  'stu.inf.pg.2@test.com',  '2020');
INSERT INTO `informatics_users` (`id`, `privileges`, `first_name`, `last_name`, `username`, `email`, `active_year`) VALUES ('stu-inf-pg-3',  'student', 'Student (INF PG 3)',  'THREE',     'stu.inf.pg.3',  'stu.inf.pg.3@test.com',  '2020');
INSERT INTO `informatics_users` (`id`, `privileges`, `first_name`, `last_name`, `username`, `email`, `active_year`) VALUES ('stu-inf-pg-4',  'student', 'Student (INF PG 4)',  'FOUR',      'stu.inf.pg.4',  'stu.inf.pg.4@test.com',  '2020');
INSERT INTO `informatics_users` (`id`, `privileges`, `first_name`, `last_name`, `username`, `email`, `active_year`) VALUES ('stu-inf-pg-5',  'student', 'Student (INF PG 5)',  'FIVE',      'stu.inf.pg.5',  'stu.inf.pg.5@test.com',  '2020');
INSERT INTO `informatics_users` (`id`, `privileges`, `first_name`, `last_name`, `username`, `email`, `active_year`) VALUES ('stu-inf-pg-6',  'student', 'Student (INF PG 6)',  'SIX',       'stu.inf.pg.6',  'stu.inf.pg.6@test.com',  '2020');
INSERT INTO `informatics_users` (`id`, `privileges`, `first_name`, `last_name`, `username`, `email`, `active_year`) VALUES ('stu-inf-pg-7',  'student', 'Student (INF PG 7)',  'SEVEN',     'stu.inf.pg.7',  'stu.inf.pg.7@test.com',  '2020');
INSERT INTO `informatics_users` (`id`, `privileges`, `first_name`, `last_name`, `username`, `email`, `active_year`) VALUES ('stu-inf-pg-8',  'student', 'Student (INF PG 8)',  'EIGHT',     'stu.inf.pg.8',  'stu.inf.pg.8@test.com',  '2020');
INSERT INTO `informatics_users` (`id`, `privileges`, `first_name`, `last_name`, `username`, `email`, `active_year`) VALUES ('stu-inf-pg-9',  'student', 'Student (INF PG 9)',  'NINE',      'stu.inf.pg.9',  'stu.inf.pg.9@test.com',  '2020');
INSERT INTO `informatics_users` (`id`, `privileges`, `first_name`, `last_name`, `username`, `email`, `active_year`) VALUES ('stu-inf-pg-10', 'student', 'Student (INF PG 10)', 'TEN',       'stu.inf.pg.10', 'stu.inf.pg.10@test.com', '2020');

INSERT INTO `informatics_students_pg` (`id`, `registration_number`, `share_name`) VALUES ('stu-inf-pg-1',  '01000001', 1);
INSERT INTO `informatics_students_pg` (`id`, `registration_number`, `share_name`) VALUES ('stu-inf-pg-2',  '01000002', 0);
INSERT INTO `informatics_students_pg` (`id`, `registration_number`, `share_name`) VALUES ('stu-inf-pg-3',  '01000003', 1);
INSERT INTO `informatics_students_pg` (`id`, `registration_number`, `share_name`) VALUES ('stu-inf-pg-4',  '01000004', 0);
INSERT INTO `informatics_students_pg` (`id`, `registration_number`, `share_name`) VALUES ('stu-inf-pg-5',  '01000005', 1);
INSERT INTO `informatics_students_pg` (`id`, `registration_number`, `share_name`) VALUES ('stu-inf-pg-6',  '01000006', 0);
INSERT INTO `informatics_students_pg` (`id`, `registration_number`, `share_name`) VALUES ('stu-inf-pg-7',  '01000007', 1);
INSERT INTO `informatics_students_pg` (`id`, `registration_number`, `share_name`) VALUES ('stu-inf-pg-8',  '01000008', 0);
INSERT INTO `informatics_students_pg` (`id`, `registration_number`, `share_name`) VALUES ('stu-inf-pg-9',  '01000009', 1);
INSERT INTO `informatics_students_pg` (`id`, `registration_number`, `share_name`) VALUES ('stu-inf-pg-10', '01000010', 0);

-- Supervisors
INSERT INTO `informatics_users` (`id`, `privileges`, `first_name`, `last_name`, `username`, `email`) VALUES ('inf-super-1',  'supervisor', 'Super 1',  'ONE',   'sup.inf.1',  'sup.inf.1@test.com');
INSERT INTO `informatics_users` (`id`, `privileges`, `first_name`, `last_name`, `username`, `email`) VALUES ('inf-super-2',  'supervisor', 'Super 2',  'TWO',   'sup.inf.2',  'sup.inf.2@test.com');
INSERT INTO `informatics_users` (`id`, `privileges`, `first_name`, `last_name`, `username`, `email`) VALUES ('inf-super-3',  'supervisor', 'Super 3',  'THREE', 'sup.inf.3',  'sup.inf.3@test.com');
INSERT INTO `informatics_users` (`id`, `privileges`, `first_name`, `last_name`, `username`, `email`) VALUES ('inf-super-4',  'supervisor', 'Super 4',  'FOUR',  'sup.inf.4',  'sup.inf.4@test.com');
INSERT INTO `informatics_users` (`id`, `privileges`, `first_name`, `last_name`, `username`, `email`) VALUES ('inf-super-5',  'supervisor', 'Super 5',  'FIVE',  'sup.inf.5',  'sup.inf.5@test.com');
INSERT INTO `informatics_users` (`id`, `privileges`, `first_name`, `last_name`, `username`, `email`) VALUES ('inf-super-6',  'supervisor', 'Super 6',  'SIX',   'sup.inf.6',  'sup.inf.6@test.com');
INSERT INTO `informatics_users` (`id`, `privileges`, `first_name`, `last_name`, `username`, `email`) VALUES ('inf-super-7',  'supervisor', 'Super 7',  'SEVEN', 'sup.inf.7',  'sup.inf.7@test.com');
INSERT INTO `informatics_users` (`id`, `privileges`, `first_name`, `last_name`, `username`, `email`) VALUES ('inf-super-8',  'supervisor', 'Super 8',  'EIGHT', 'sup.inf.8',  'sup.inf.8@test.com');
INSERT INTO `informatics_users` (`id`, `privileges`, `first_name`, `last_name`, `username`, `email`) VALUES ('inf-super-9',  'supervisor', 'Super 9',  'NINE',  'sup.inf.9',  'sup.inf.9@test.com');
INSERT INTO `informatics_users` (`id`, `privileges`, `first_name`, `last_name`, `username`, `email`) VALUES ('inf-super-10', 'supervisor', 'Super 10', 'TEN',   'sup.inf.10', 'sup.inf.10@test.com');

-- Chilling Supervisors
INSERT INTO `informatics_users` (`id`, `privileges`, `first_name`, `last_name`, `username`, `email`) VALUES ('inf-chill-super-1', 'supervisor', 'Chill Super 1', 'ONE',   'sup.chill.inf.1', 'sup.chill.inf.1@test.com');
INSERT INTO `informatics_users` (`id`, `privileges`, `first_name`, `last_name`, `username`, `email`) VALUES ('inf-chill-super-2', 'supervisor', 'Chill Super 2', 'TWO',   'sup.chill.inf.2', 'sup.chill.inf.2@test.com');
INSERT INTO `informatics_users` (`id`, `privileges`, `first_name`, `last_name`, `username`, `email`) VALUES ('inf-chill-super-3', 'supervisor', 'Chill Super 3', 'THREE', 'sup.chill.inf.3', 'sup.chill.inf.3@test.com');
INSERT INTO `informatics_users` (`id`, `privileges`, `first_name`, `last_name`, `username`, `email`) VALUES ('inf-chill-super-4', 'supervisor', 'Chill Super 4', 'FOUR',  'sup.chill.inf.4', 'sup.chill.inf.4@test.com');
INSERT INTO `informatics_users` (`id`, `privileges`, `first_name`, `last_name`, `username`, `email`) VALUES ('inf-chill-super-5', 'supervisor', 'Chill Super 5', 'FIVE',  'sup.chill.inf.5', 'sup.chill.inf.5@test.com');

INSERT INTO `informatics_supervisors` (`id`, `title`, `project_load_ug`, `take_students_ug`, `project_load_pg`, `take_students_pg`) VALUES ('inf-super-1', 'Mr',  2, 1, 2, 1);
INSERT INTO `informatics_supervisors` (`id`, `title`, `project_load_ug`, `take_students_ug`, `project_load_pg`, `take_students_pg`) VALUES ('inf-super-2', 'Mr',  2, 0, 2, 0);
INSERT INTO `informatics_supervisors` (`id`, `title`, `project_load_ug`, `take_students_ug`, `project_load_pg`, `take_students_pg`) VALUES ('inf-super-3', 'Mr',  2, 1, 2, 1);
INSERT INTO `informatics_supervisors` (`id`, `title`, `project_load_ug`, `take_students_ug`, `project_load_pg`, `take_students_pg`) VALUES ('inf-super-4', 'Mr',  2, 0, 2, 0);
INSERT INTO `informatics_supervisors` (`id`, `title`, `project_load_ug`, `take_students_ug`, `project_load_pg`, `take_students_pg`) VALUES ('inf-super-5', 'Mr',  2, 1, 2, 1);
INSERT INTO `informatics_supervisors` (`id`, `title`, `project_load_ug`, `take_students_ug`, `project_load_pg`, `take_students_pg`) VALUES ('inf-super-6', 'Mr',  2, 0, 2, 0);
INSERT INTO `informatics_supervisors` (`id`, `title`, `project_load_ug`, `take_students_ug`, `project_load_pg`, `take_students_pg`) VALUES ('inf-super-7', 'Mr',  2, 1, 2, 1);
INSERT INTO `informatics_supervisors` (`id`, `title`, `project_load_ug`, `take_students_ug`, `project_load_pg`, `take_students_pg`) VALUES ('inf-super-8', 'Mr',  2, 0, 2, 0);
INSERT INTO `informatics_supervisors` (`id`, `title`, `project_load_ug`, `take_students_ug`, `project_load_pg`, `take_students_pg`) VALUES ('inf-super-9', 'Mr',  2, 1, 2, 1);
INSERT INTO `informatics_supervisors` (`id`, `title`, `project_load_ug`, `take_students_ug`, `project_load_pg`, `take_students_pg`) VALUES ('inf-super-10', 'Mr', 2, 0, 2, 0);

INSERT INTO `informatics_supervisors` (`id`, `title`, `project_load_ug`, `take_students_ug`, `project_load_pg`, `take_students_pg`) VALUES ('inf-chill-super-1', 'Mr', 5, 0, 0, 0);
INSERT INTO `informatics_supervisors` (`id`, `title`, `project_load_ug`, `take_students_ug`, `project_load_pg`, `take_students_pg`) VALUES ('inf-chill-super-2', 'Mr', 2, 0, 0, 0);
INSERT INTO `informatics_supervisors` (`id`, `title`, `project_load_ug`, `take_students_ug`, `project_load_pg`, `take_students_pg`) VALUES ('inf-chill-super-3', 'Mr', 3, 0, 4, 0);
INSERT INTO `informatics_supervisors` (`id`, `title`, `project_load_ug`, `take_students_ug`, `project_load_pg`, `take_students_pg`) VALUES ('inf-chill-super-4', 'Mr', 4, 0, 3, 0);
INSERT INTO `informatics_supervisors` (`id`, `title`, `project_load_ug`, `take_students_ug`, `project_load_pg`, `take_students_pg`) VALUES ('inf-chill-super-5', 'Mr', 2, 0, 2, 0);

-- Topics UG
INSERT INTO `informatics_topics_ug` (`id`, `name`) VALUES ('00000001', 'NET');
INSERT INTO `informatics_topics_ug` (`id`, `name`) VALUES ('00000002', 'PHP');
INSERT INTO `informatics_topics_ug` (`id`, `name`) VALUES ('00000003', 'Java');
INSERT INTO `informatics_topics_ug` (`id`, `name`) VALUES ('00000004', 'Networks');
INSERT INTO `informatics_topics_ug` (`id`, `name`) VALUES ('00000005', 'Sys Admin');
INSERT INTO `informatics_topics_ug` (`id`, `name`) VALUES ('00000006', 'Legacy');
INSERT INTO `informatics_topics_ug` (`id`, `name`) VALUES ('00000007', 'Multi-media');
INSERT INTO `informatics_topics_ug` (`id`, `name`) VALUES ('00000008', 'Maths');
INSERT INTO `informatics_topics_ug` (`id`, `name`) VALUES ('00000009', 'Futher Programming');
INSERT INTO `informatics_topics_ug` (`id`, `name`) VALUES ('00000010', 'Data Structures');
INSERT INTO `informatics_topics_ug` (`id`, `name`) VALUES ('00000011', 'Algorithms');
INSERT INTO `informatics_topics_ug` (`id`, `name`) VALUES ('00000012', 'Data Types');
INSERT INTO `informatics_topics_ug` (`id`, `name`) VALUES ('00000013', 'Frameworks');
INSERT INTO `informatics_topics_ug` (`id`, `name`) VALUES ('00000014', 'Logic');
INSERT INTO `informatics_topics_ug` (`id`, `name`) VALUES ('00000015', 'File Systems');

-- Topics PG
INSERT INTO `informatics_topics_pg` (`id`, `name`) VALUES ('10000001', 'NET');
INSERT INTO `informatics_topics_pg` (`id`, `name`) VALUES ('10000002', 'PHP');
INSERT INTO `informatics_topics_pg` (`id`, `name`) VALUES ('10000003', 'Java');
INSERT INTO `informatics_topics_pg` (`id`, `name`) VALUES ('10000004', 'Networks');
INSERT INTO `informatics_topics_pg` (`id`, `name`) VALUES ('10000005', 'Sys Admin');
INSERT INTO `informatics_topics_pg` (`id`, `name`) VALUES ('10000006', 'Legacy');
INSERT INTO `informatics_topics_pg` (`id`, `name`) VALUES ('10000007', 'Multi-media');
INSERT INTO `informatics_topics_pg` (`id`, `name`) VALUES ('10000008', 'Maths');
INSERT INTO `informatics_topics_pg` (`id`, `name`) VALUES ('10000009', 'Futher Programming');
INSERT INTO `informatics_topics_pg` (`id`, `name`) VALUES ('10000010', 'Data Structures');
INSERT INTO `informatics_topics_pg` (`id`, `name`) VALUES ('10000011', 'Algorithms');
INSERT INTO `informatics_topics_pg` (`id`, `name`) VALUES ('10000012', 'Data Types');
INSERT INTO `informatics_topics_pg` (`id`, `name`) VALUES ('10000013', 'Frameworks');
INSERT INTO `informatics_topics_pg` (`id`, `name`) VALUES ('10000014', 'Logic');
INSERT INTO `informatics_topics_pg` (`id`, `name`) VALUES ('10000015', 'File Systems');

-- |-------------------------------------------------------------|
-- |-------------------------------------------------------------|
-- | ENGINEERING ENGINEERING ENGINEERING ENGINEERING ENGINEERING |
-- |-------------------------------------------------------------|
-- |-------------------------------------------------------------|

-- Insert UG Eng students
INSERT INTO `engineering_users` (`id`, `privileges`, `first_name`, `last_name`, `username`, `email`, `active_year`) VALUES ('stu-eng-ug-1',  'student', 'Student (ENG UG 1)',   'ONE',         'stu.eng.ug.1',  'stu.eng.ug.1@test.com',  '2020');
INSERT INTO `engineering_users` (`id`, `privileges`, `first_name`, `last_name`, `username`, `email`, `active_year`) VALUES ('stu-eng-ug-2',  'student', 'Student (ENG UG 2)',   'TWO',         'stu.eng.ug.2',  'stu.eng.ug.2@test.com',  '2020');
INSERT INTO `engineering_users` (`id`, `privileges`, `first_name`, `last_name`, `username`, `email`, `active_year`) VALUES ('stu-eng-ug-3',  'student', 'Student (ENG UG 3)',   'THREE',       'stu.eng.ug.3',  'stu.eng.ug.3@test.com',  '2020');
INSERT INTO `engineering_users` (`id`, `privileges`, `first_name`, `last_name`, `username`, `email`, `active_year`) VALUES ('stu-eng-ug-4',  'student', 'Student (ENG UG 4)',   'FOUR',        'stu.eng.ug.4',  'stu.eng.ug.4@test.com',  '2020');
INSERT INTO `engineering_users` (`id`, `privileges`, `first_name`, `last_name`, `username`, `email`, `active_year`) VALUES ('stu-eng-ug-5',  'student', 'Student (ENG UG 5)',   'FIVE',        'stu.eng.ug.5',  'stu.eng.ug.5@test.com',  '2020');
INSERT INTO `engineering_users` (`id`, `privileges`, `first_name`, `last_name`, `username`, `email`, `active_year`) VALUES ('stu-eng-ug-6',  'student', 'Student (ENG UG 6)',   'SIX',         'stu.eng.ug.6',  'stu.eng.ug.6@test.com',  '2020');
INSERT INTO `engineering_users` (`id`, `privileges`, `first_name`, `last_name`, `username`, `email`, `active_year`) VALUES ('stu-eng-ug-7',  'student', 'Student (ENG UG 7)',   'SEVEN',       'stu.eng.ug.7',  'stu.eng.ug.7@test.com',  '2020');
INSERT INTO `engineering_users` (`id`, `privileges`, `first_name`, `last_name`, `username`, `email`, `active_year`) VALUES ('stu-eng-ug-8',  'student', 'Student (ENG UG 8)',   'EIGHT',       'stu.eng.ug.8',  'stu.eng.ug.8@test.com',  '2020');
INSERT INTO `engineering_users` (`id`, `privileges`, `first_name`, `last_name`, `username`, `email`, `active_year`) VALUES ('stu-eng-ug-9',  'student', 'Student (ENG UG 9)',   'NINE',        'stu.eng.ug.9',  'stu.eng.ug.9@test.com',  '2020');
INSERT INTO `engineering_users` (`id`, `privileges`, `first_name`, `last_name`, `username`, `email`, `active_year`) VALUES ('stu-eng-ug-10', 'student', 'Student (ENG UG 10)',  'TEN',         'stu.eng.ug.10', 'stu.eng.ug.10@test.com', '2020');
INSERT INTO `engineering_users` (`id`, `privileges`, `first_name`, `last_name`, `username`, `email`, `active_year`) VALUES ('stu-eng-ug-11', 'student', 'Student (ENG UG 11)',  'ONE-ONE',     'stu.eng.ug.11', 'stu.eng.ug.11@test.com', '2020');
INSERT INTO `engineering_users` (`id`, `privileges`, `first_name`, `last_name`, `username`, `email`, `active_year`) VALUES ('stu-eng-ug-12', 'student', 'Student (ENG UG 12)',  'ONE-TWO',     'stu.eng.ug.12', 'stu.eng.ug.12@test.com', '2020');
INSERT INTO `engineering_users` (`id`, `privileges`, `first_name`, `last_name`, `username`, `email`, `active_year`) VALUES ('stu-eng-ug-13', 'student', 'Student (ENG UG 13)',  'ONE-THREE',   'stu.eng.ug.13', 'stu.eng.ug.13@test.com', '2020');
INSERT INTO `engineering_users` (`id`, `privileges`, `first_name`, `last_name`, `username`, `email`, `active_year`) VALUES ('stu-eng-ug-14', 'student', 'Student (ENG UG 14)',  'ONE-FOUR',    'stu.eng.ug.14', 'stu.eng.ug.14@test.com', '2020');
INSERT INTO `engineering_users` (`id`, `privileges`, `first_name`, `last_name`, `username`, `email`, `active_year`) VALUES ('stu-eng-ug-15', 'student', 'Student (ENG UG 15)',  'ONE-FIVE',    'stu.eng.ug.15', 'stu.eng.ug.15@test.com', '2020');
INSERT INTO `engineering_users` (`id`, `privileges`, `first_name`, `last_name`, `username`, `email`, `active_year`) VALUES ('stu-eng-ug-16', 'student', 'Student (ENG UG 16)',  'ONE-SIX',     'stu.eng.ug.16', 'stu.eng.ug.16@test.com', '2020');
INSERT INTO `engineering_users` (`id`, `privileges`, `first_name`, `last_name`, `username`, `email`, `active_year`) VALUES ('stu-eng-ug-17', 'student', 'Student (ENG UG 17)',  'ONE-SEVEN',   'stu.eng.ug.17', 'stu.eng.ug.17@test.com', '2020');
INSERT INTO `engineering_users` (`id`, `privileges`, `first_name`, `last_name`, `username`, `email`, `active_year`) VALUES ('stu-eng-ug-18', 'student', 'Student (ENG UG 18)',  'ONE-EIGHT',   'stu.eng.ug.18', 'stu.eng.ug.18@test.com', '2020');
INSERT INTO `engineering_users` (`id`, `privileges`, `first_name`, `last_name`, `username`, `email`, `active_year`) VALUES ('stu-eng-ug-19', 'student', 'Student (ENG UG 19)',  'ONE-NINE',    'stu.eng.ug.19', 'stu.eng.ug.19@test.com', '2020');
INSERT INTO `engineering_users` (`id`, `privileges`, `first_name`, `last_name`, `username`, `email`, `active_year`) VALUES ('stu-eng-ug-20', 'student', 'Student (ENG UG 20)',  'TWO-ZERO',    'stu.eng.ug.20', 'stu.eng.ug.20@test.com', '2020');
INSERT INTO `engineering_users` (`id`, `privileges`, `first_name`, `last_name`, `username`, `email`, `active_year`) VALUES ('stu-eng-ug-21', 'student', 'Student (ENG UG 21)',  'TWO-ONE',     'stu.eng.ug.21', 'stu.eng.ug.21@test.com', '2020');
INSERT INTO `engineering_users` (`id`, `privileges`, `first_name`, `last_name`, `username`, `email`, `active_year`) VALUES ('stu-eng-ug-22', 'student', 'Student (ENG UG 22)',  'TWO-TWO',     'stu.eng.ug.22', 'stu.eng.ug.22@test.com', '2020');
INSERT INTO `engineering_users` (`id`, `privileges`, `first_name`, `last_name`, `username`, `email`, `active_year`) VALUES ('stu-eng-ug-23', 'student', 'Student (ENG UG 23)',  'TWO-THREE',   'stu.eng.ug.23', 'stu.eng.ug.23@test.com', '2020');
INSERT INTO `engineering_users` (`id`, `privileges`, `first_name`, `last_name`, `username`, `email`, `active_year`) VALUES ('stu-eng-ug-24', 'student', 'Student (ENG UG 24)',  'TWO-FOUR',    'stu.eng.ug.24', 'stu.eng.ug.24@test.com', '2020');
INSERT INTO `engineering_users` (`id`, `privileges`, `first_name`, `last_name`, `username`, `email`, `active_year`) VALUES ('stu-eng-ug-25', 'student', 'Student (ENG UG 25)',  'TWO-FIVE',    'stu.eng.ug.25', 'stu.eng.ug.25@test.com', '2020');
INSERT INTO `engineering_users` (`id`, `privileges`, `first_name`, `last_name`, `username`, `email`, `active_year`) VALUES ('stu-eng-ug-26', 'student', 'Student (ENG UG 26)',  'TWO-SIX',     'stu.eng.ug.26', 'stu.eng.ug.26@test.com', '2020');
INSERT INTO `engineering_users` (`id`, `privileges`, `first_name`, `last_name`, `username`, `email`, `active_year`) VALUES ('stu-eng-ug-27', 'student', 'Student (ENG UG 27)',  'TWO-SEVEN',   'stu.eng.ug.27', 'stu.eng.ug.27@test.com', '2020');
INSERT INTO `engineering_users` (`id`, `privileges`, `first_name`, `last_name`, `username`, `email`, `active_year`) VALUES ('stu-eng-ug-28', 'student', 'Student (ENG UG 28)',  'TWO-EIGHT',   'stu.eng.ug.28', 'stu.eng.ug.28@test.com', '2020');
INSERT INTO `engineering_users` (`id`, `privileges`, `first_name`, `last_name`, `username`, `email`, `active_year`) VALUES ('stu-eng-ug-29', 'student', 'Student (ENG UG 29)',  'TWO-NINE',    'stu.eng.ug.29', 'stu.eng.ug.29@test.com', '2020');
INSERT INTO `engineering_users` (`id`, `privileges`, `first_name`, `last_name`, `username`, `email`, `active_year`) VALUES ('stu-eng-ug-30', 'student', 'Student (ENG UG 30)',  'TWO-TEN',     'stu.eng.ug.30', 'stu.eng.ug.30@test.com', '2020');
INSERT INTO `engineering_users` (`id`, `privileges`, `first_name`, `last_name`, `username`, `email`, `active_year`) VALUES ('stu-eng-ug-31', 'student', 'Student (ENG UG 31)',  'THREE-ONE',   'stu.eng.ug.31', 'stu.eng.ug.31@test.com', '2020');
INSERT INTO `engineering_users` (`id`, `privileges`, `first_name`, `last_name`, `username`, `email`, `active_year`) VALUES ('stu-eng-ug-32', 'student', 'Student (ENG UG 32)',  'THREE-TWO',   'stu.eng.ug.32', 'stu.eng.ug.32@test.com', '2020');
INSERT INTO `engineering_users` (`id`, `privileges`, `first_name`, `last_name`, `username`, `email`, `active_year`) VALUES ('stu-eng-ug-33', 'student', 'Student (ENG UG 33)',  'THREE-THREE', 'stu.eng.ug.33', 'stu.eng.ug.33@test.com', '2020');
INSERT INTO `engineering_users` (`id`, `privileges`, `first_name`, `last_name`, `username`, `email`, `active_year`) VALUES ('stu-eng-ug-34', 'student', 'Student (ENG UG 34)',  'THREE-FOUR',  'stu.eng.ug.34', 'stu.eng.ug.34@test.com', '2020');
INSERT INTO `engineering_users` (`id`, `privileges`, `first_name`, `last_name`, `username`, `email`, `active_year`) VALUES ('stu-eng-ug-35', 'student', 'Student (ENG UG 35)',  'THREE-FIVE',  'stu.eng.ug.35', 'stu.eng.ug.35@test.com', '2020');
INSERT INTO `engineering_users` (`id`, `privileges`, `first_name`, `last_name`, `username`, `email`, `active_year`) VALUES ('stu-eng-ug-36', 'student', 'Student (ENG UG 36)',  'THREE-SIX',   'stu.eng.ug.36', 'stu.eng.ug.36@test.com', '2020');
INSERT INTO `engineering_users` (`id`, `privileges`, `first_name`, `last_name`, `username`, `email`, `active_year`) VALUES ('stu-eng-ug-37', 'student', 'Student (ENG UG 37)',  'THREE-SEVEN', 'stu.eng.ug.37', 'stu.eng.ug.37@test.com', '2020');
INSERT INTO `engineering_users` (`id`, `privileges`, `first_name`, `last_name`, `username`, `email`, `active_year`) VALUES ('stu-eng-ug-38', 'student', 'Student (ENG UG 38)',  'THREE-EIGHT', 'stu.eng.ug.38', 'stu.eng.ug.38@test.com', '2020');
INSERT INTO `engineering_users` (`id`, `privileges`, `first_name`, `last_name`, `username`, `email`, `active_year`) VALUES ('stu-eng-ug-39', 'student', 'Student (ENG UG 39)',  'THREE-NINE',  'stu.eng.ug.39', 'stu.eng.ug.39@test.com', '2020');
INSERT INTO `engineering_users` (`id`, `privileges`, `first_name`, `last_name`, `username`, `email`, `active_year`) VALUES ('stu-eng-ug-40', 'student', 'Student (ENG UG 40)',  'FOUR-ZERO',   'stu.eng.ug.40', 'stu.eng.ug.40@test.com', '2020');

INSERT INTO `engineering_students_ug` (`id`, `registration_number`, `share_name`) VALUES ('stu-eng-ug-1',  '10000001', 1);
INSERT INTO `engineering_students_ug` (`id`, `registration_number`, `share_name`) VALUES ('stu-eng-ug-2',  '10000002', 0);
INSERT INTO `engineering_students_ug` (`id`, `registration_number`, `share_name`) VALUES ('stu-eng-ug-3',  '10000003', 1);
INSERT INTO `engineering_students_ug` (`id`, `registration_number`, `share_name`) VALUES ('stu-eng-ug-4',  '10000004', 0);
INSERT INTO `engineering_students_ug` (`id`, `registration_number`, `share_name`) VALUES ('stu-eng-ug-5',  '10000005', 1);
INSERT INTO `engineering_students_ug` (`id`, `registration_number`, `share_name`) VALUES ('stu-eng-ug-6',  '10000006', 0);
INSERT INTO `engineering_students_ug` (`id`, `registration_number`, `share_name`) VALUES ('stu-eng-ug-7',  '10000007', 1);
INSERT INTO `engineering_students_ug` (`id`, `registration_number`, `share_name`) VALUES ('stu-eng-ug-8',  '10000008', 0);
INSERT INTO `engineering_students_ug` (`id`, `registration_number`, `share_name`) VALUES ('stu-eng-ug-9',  '10000009', 1);
INSERT INTO `engineering_students_ug` (`id`, `registration_number`, `share_name`) VALUES ('stu-eng-ug-10', '10000010', 0);
INSERT INTO `engineering_students_ug` (`id`, `registration_number`, `share_name`) VALUES ('stu-eng-ug-11', '10000011', 1);
INSERT INTO `engineering_students_ug` (`id`, `registration_number`, `share_name`) VALUES ('stu-eng-ug-12', '10000012', 0);
INSERT INTO `engineering_students_ug` (`id`, `registration_number`, `share_name`) VALUES ('stu-eng-ug-13', '10000013', 1);
INSERT INTO `engineering_students_ug` (`id`, `registration_number`, `share_name`) VALUES ('stu-eng-ug-14', '10000014', 0);
INSERT INTO `engineering_students_ug` (`id`, `registration_number`, `share_name`) VALUES ('stu-eng-ug-15', '10000015', 1);
INSERT INTO `engineering_students_ug` (`id`, `registration_number`, `share_name`) VALUES ('stu-eng-ug-16', '10000016', 0);
INSERT INTO `engineering_students_ug` (`id`, `registration_number`, `share_name`) VALUES ('stu-eng-ug-17', '10000017', 1);
INSERT INTO `engineering_students_ug` (`id`, `registration_number`, `share_name`) VALUES ('stu-eng-ug-18', '10000018', 0);
INSERT INTO `engineering_students_ug` (`id`, `registration_number`, `share_name`) VALUES ('stu-eng-ug-19', '10000019', 1);
INSERT INTO `engineering_students_ug` (`id`, `registration_number`, `share_name`) VALUES ('stu-eng-ug-20', '10000020', 0);
INSERT INTO `engineering_students_ug` (`id`, `registration_number`, `share_name`) VALUES ('stu-eng-ug-21', '10000021', 1);
INSERT INTO `engineering_students_ug` (`id`, `registration_number`, `share_name`) VALUES ('stu-eng-ug-22', '10000022', 0);
INSERT INTO `engineering_students_ug` (`id`, `registration_number`, `share_name`) VALUES ('stu-eng-ug-23', '10000023', 1);
INSERT INTO `engineering_students_ug` (`id`, `registration_number`, `share_name`) VALUES ('stu-eng-ug-24', '10000024', 0);
INSERT INTO `engineering_students_ug` (`id`, `registration_number`, `share_name`) VALUES ('stu-eng-ug-25', '10000025', 1);
INSERT INTO `engineering_students_ug` (`id`, `registration_number`, `share_name`) VALUES ('stu-eng-ug-26', '10000026', 0);
INSERT INTO `engineering_students_ug` (`id`, `registration_number`, `share_name`) VALUES ('stu-eng-ug-27', '10000027', 1);
INSERT INTO `engineering_students_ug` (`id`, `registration_number`, `share_name`) VALUES ('stu-eng-ug-28', '10000028', 0);
INSERT INTO `engineering_students_ug` (`id`, `registration_number`, `share_name`) VALUES ('stu-eng-ug-29', '10000029', 1);
INSERT INTO `engineering_students_ug` (`id`, `registration_number`, `share_name`) VALUES ('stu-eng-ug-30', '10000030', 0);
INSERT INTO `engineering_students_ug` (`id`, `registration_number`, `share_name`) VALUES ('stu-eng-ug-31', '10000031', 1);
INSERT INTO `engineering_students_ug` (`id`, `registration_number`, `share_name`) VALUES ('stu-eng-ug-32', '10000032', 0);
INSERT INTO `engineering_students_ug` (`id`, `registration_number`, `share_name`) VALUES ('stu-eng-ug-33', '10000033', 1);
INSERT INTO `engineering_students_ug` (`id`, `registration_number`, `share_name`) VALUES ('stu-eng-ug-34', '10000034', 0);
INSERT INTO `engineering_students_ug` (`id`, `registration_number`, `share_name`) VALUES ('stu-eng-ug-35', '10000035', 1);
INSERT INTO `engineering_students_ug` (`id`, `registration_number`, `share_name`) VALUES ('stu-eng-ug-36', '10000036', 0);
INSERT INTO `engineering_students_ug` (`id`, `registration_number`, `share_name`) VALUES ('stu-eng-ug-37', '10000037', 1);
INSERT INTO `engineering_students_ug` (`id`, `registration_number`, `share_name`) VALUES ('stu-eng-ug-38', '10000038', 0);
INSERT INTO `engineering_students_ug` (`id`, `registration_number`, `share_name`) VALUES ('stu-eng-ug-39', '10000039', 1);
INSERT INTO `engineering_students_ug` (`id`, `registration_number`, `share_name`) VALUES ('stu-eng-ug-40', '10000040', 0);

-- Insert PG Eng students
INSERT INTO `engineering_users` (`id`, `privileges`, `first_name`, `last_name`, `username`, `email`, `active_year`) VALUES ('stu-eng-pg-1',  'student', 'Student (ENG PG 1)',  'ONE',       'stu.eng.pg.1',  'stu.eng.pg.1@test.com',  '2020');
INSERT INTO `engineering_users` (`id`, `privileges`, `first_name`, `last_name`, `username`, `email`, `active_year`) VALUES ('stu-eng-pg-2',  'student', 'Student (ENG PG 2)',  'TWO',       'stu.eng.pg.2',  'stu.eng.pg.2@test.com',  '2020');
INSERT INTO `engineering_users` (`id`, `privileges`, `first_name`, `last_name`, `username`, `email`, `active_year`) VALUES ('stu-eng-pg-3',  'student', 'Student (ENG PG 3)',  'THREE',     'stu.eng.pg.3',  'stu.eng.pg.3@test.com',  '2020');
INSERT INTO `engineering_users` (`id`, `privileges`, `first_name`, `last_name`, `username`, `email`, `active_year`) VALUES ('stu-eng-pg-4',  'student', 'Student (ENG PG 4)',  'FOUR',      'stu.eng.pg.4',  'stu.eng.pg.4@test.com',  '2020');
INSERT INTO `engineering_users` (`id`, `privileges`, `first_name`, `last_name`, `username`, `email`, `active_year`) VALUES ('stu-eng-pg-5',  'student', 'Student (ENG PG 5)',  'FIVE',      'stu.eng.pg.5',  'stu.eng.pg.5@test.com',  '2020');
INSERT INTO `engineering_users` (`id`, `privileges`, `first_name`, `last_name`, `username`, `email`, `active_year`) VALUES ('stu-eng-pg-6',  'student', 'Student (ENG PG 6)',  'SIX',       'stu.eng.pg.6',  'stu.eng.pg.6@test.com',  '2020');
INSERT INTO `engineering_users` (`id`, `privileges`, `first_name`, `last_name`, `username`, `email`, `active_year`) VALUES ('stu-eng-pg-7',  'student', 'Student (ENG PG 7)',  'SEVEN',     'stu.eng.pg.7',  'stu.eng.pg.7@test.com',  '2020');
INSERT INTO `engineering_users` (`id`, `privileges`, `first_name`, `last_name`, `username`, `email`, `active_year`) VALUES ('stu-eng-pg-8',  'student', 'Student (ENG PG 8)',  'EIGHT',     'stu.eng.pg.8',  'stu.eng.pg.8@test.com',  '2020');
INSERT INTO `engineering_users` (`id`, `privileges`, `first_name`, `last_name`, `username`, `email`, `active_year`) VALUES ('stu-eng-pg-9',  'student', 'Student (ENG PG 9)',  'NINE',      'stu.eng.pg.9',  'stu.eng.pg.9@test.com',  '2020');
INSERT INTO `engineering_users` (`id`, `privileges`, `first_name`, `last_name`, `username`, `email`, `active_year`) VALUES ('stu-eng-pg-10', 'student', 'Student (ENG PG 10)', 'TEN',       'stu.eng.pg.10', 'stu.eng.pg.10@test.com', '2020');

INSERT INTO `engineering_students_ug` (`id`, `registration_number`, `share_name`) VALUES ('stu-eng-pg-1',  '11000001', 1);
INSERT INTO `engineering_students_ug` (`id`, `registration_number`, `share_name`) VALUES ('stu-eng-pg-2',  '11000002', 0);
INSERT INTO `engineering_students_ug` (`id`, `registration_number`, `share_name`) VALUES ('stu-eng-pg-3',  '11000003', 1);
INSERT INTO `engineering_students_ug` (`id`, `registration_number`, `share_name`) VALUES ('stu-eng-pg-4',  '11000004', 0);
INSERT INTO `engineering_students_ug` (`id`, `registration_number`, `share_name`) VALUES ('stu-eng-pg-5',  '11000005', 1);
INSERT INTO `engineering_students_ug` (`id`, `registration_number`, `share_name`) VALUES ('stu-eng-pg-6',  '11000006', 0);
INSERT INTO `engineering_students_ug` (`id`, `registration_number`, `share_name`) VALUES ('stu-eng-pg-7',  '11000007', 1);
INSERT INTO `engineering_students_ug` (`id`, `registration_number`, `share_name`) VALUES ('stu-eng-pg-8',  '11000008', 0);
INSERT INTO `engineering_students_ug` (`id`, `registration_number`, `share_name`) VALUES ('stu-eng-pg-9',  '11000009', 1);
INSERT INTO `engineering_students_ug` (`id`, `registration_number`, `share_name`) VALUES ('stu-eng-pg-10', '11000010', 0);